det_magR,RA,DEC,Reference,R,B,det_magB
2.327612,323.4003501338949,-0.883217291049747,M2-S24,16.25,16.318,0.7890579
2.8185444,323.3372161675905,-0.8810419287426768,M2-S806,16.571,16.597,1.1302091
2.0843897,323.353930620269,-0.8793012444307705,M2-S509,16.299,17.507,1.8736207
1.8145983,323.3425003349595,-0.8733102623715782,M2-S487,15.94,16.263,0.63236946
0.9828967,323.4077474668361,-0.8723367612824502,M2-S95,15.27,16.583,0.7636218
0.3715415,323.3891106534097,-0.872193067359103,M2-S558,14.634,16.046,0.25125533
2.9328966,323.3614260784888,-0.8717343400381857,M2-S521,16.977,18.124,2.5889995
-0.6714701,323.35584688378276,-0.8714022637238884,M2-S510,13.627,15.078,-0.78498805
-1.1633409,323.3789385211405,-0.8709611653270672,M2-S542,13.14,14.962,-1.0293512
1.1323452,323.3685463672525,-0.86996213674738,M2-S528,15.545,16.829,0.8556917
2.9214501,323.3967869206184,-0.8678584240920886,M2-S11,17.199,18.299,2.4939623
1.5509918,323.33158015179964,-0.8670356961585611,M2-S474,15.71,16.997,1.3567556
1.8246315,323.32377162727147,-0.8661690925432153,M2-S463,15.882,16.114,0.52197224
3.6779752,323.4023803641418,-0.8658952303726731,M2-S68,17.334,18.43,3.34247
-0.9937987,323.3272247790494,-0.865667770554573,M2-S468,13.316,15.111,-0.8200766
-0.411247,323.35603621235134,-0.8634645665412293,M2-S512,13.919,15.424,-0.48550522
0.24690884,323.3340234070439,-0.8631673343973579,M2-S476,14.524,15.818,0.0042112614
1.7746193,323.34035497437,-0.8623411038401122,M2-S484,15.903,16.199,0.56135774
4.4446945,323.4141705063072,-0.861901691587309,M2-S150,17.359,18.467,4.1540375
1.6607027,323.3332921180271,-0.8617769252827152,M2-S475,15.954,16.266,0.62206626
2.1930654,323.39518167331175,-0.8606307105019817,M2-S8,16.534,16.549,0.8509613
1.242954,323.33803358535613,-0.8602260373924097,M2-S482,15.507,16.823,1.0480897
2.5108635,323.3806514735859,-0.8589156085233094,M2-S333,16.649,16.615,1.0195904
2.0706942,323.3196997027109,-0.8585789524380857,M2-S456,16.114,16.285,0.6784034
-1.264829,323.39296046077396,-0.8579336872042626,M2-S563,13.069,14.902,-1.0546757
2.595546,323.41547217561583,-0.8577126645970531,M2-S164,16.484,17.663,2.2996707
2.8623354,323.41783977011306,-0.8575724747323898,M2-S174,16.808,17.917,2.5008008
-0.05028278,323.310412387868,-0.8574190883587521,M2-S437,14.21,15.791,-0.07301754
1.1684178,323.40265315084275,-0.8562523078841603,M2-S81,15.42,16.73,0.93394876
2.7926288,323.39563503252987,-0.8556378065078183,M2-S25,17.201,18.332,2.4371517
2.0614967,323.4182059640784,-0.8557506955571922,M2-S178,16.164,17.386,1.7726077
1.0535117,323.31334817026055,-0.8546735551937353,M2-S442,15.27,16.804,1.0332106
2.3239384,323.4145253976126,-0.8544459583965794,M2-S162,16.393,17.607,2.0473657
2.7208164,323.4131506448413,-0.8538783416200733,M2-S151,17.029,18.177,2.4033687
0.24281608,323.3768986842429,-0.8533298261279788,M2-S329,14.698,16.095,0.032230597
-0.30699405,323.39609535173787,-0.852704206806026,M2-S34,14.036,15.599,-0.36087805
-0.59496844,323.3792353440869,-0.8523020470571492,M2-S331,13.772,15.41,-0.58197683
2.1921763,323.3170229230632,-0.8517683413102712,M2-S450,16.203,16.323,0.7462892
-0.8505877,323.3311468723318,-0.8509629775088483,M2-S473,13.461,15.192,-0.75515044
2.6712453,323.39490871687457,-0.8510957850015705,M2-S27,17.269,18.388,2.3412747
-0.9479621,323.3785271605589,-0.8504834711192816,M2-S330,13.434,15.177,-0.8372319
1.0101075,323.41313618524447,-0.8504096839002591,M2-S156,15.233,16.552,0.8076722
2.0711157,323.32363862673674,-0.8500667541723567,M2-S461,16.326,16.392,0.62418324
3.4032903,323.41713652106733,-0.8486872870802596,M2-S182,17.278,17.142,1.6805367
3.4002657,323.4052378572204,-0.8485136250503866,M2-S109,17.368,18.496,3.2059357
1.3009217,323.34358353548316,-0.847689264498117,M2-S490,15.847,16.211,0.34772718
-1.7604525,323.3730328801267,-0.8476113674843313,M2-S532,12.582,14.671,-1.3908958
-1.917041,323.35156453949577,-0.8476003474136267,M2-S502,12.459,14.615,-1.4786638
0.96017325,323.415352857646,-0.8473834189593885,M2-S170,15.197,16.522,0.76371086
3.646202,323.418667836895,-0.8473642804765558,M2-S193,17.14,18.198,3.2399306
-0.972533,323.3361348261839,-0.8453629446663953,M2-S478,13.385,15.131,-0.8535647
0.15360239,323.35677945912994,-0.8453470520858757,M2-S515,14.732,16.127,-0.07621744
1.9069657,323.3439303528012,-0.8451182118154172,M2-S1073,17.114,17.97,1.3549223
-1.3734818,323.3482681639744,-0.8447497151498679,M2-S496,13.068,14.932,-1.1989689
-1.1278884,323.3641722746472,-0.8447732630530457,M2-S524,13.346,15.054,-1.1007648
2.8946662,323.3129072336294,-0.8430328561520078,M2-S440,16.637,16.663,1.1722893
0.66897005,323.39426581618386,-0.843146324180868,M2-S31,15.08,16.385,0.38163808
-1.2600948,323.3564023749047,-0.8418895030832676,M2-S513,13.308,15.116,-1.1897037
-1.4724283,323.3609066866509,-0.8416973914820685,M2-S520,12.976,14.656,-1.4587018
-1.0003773,323.3900906097044,-0.8415432039777575,M2-S559,13.357,14.969,-1.0257626
0.09572748,323.3916517257137,-0.841011876162166,M2-S9,15.0,16.372,-0.13804747
-0.53036463,323.33689705591723,-0.8409452897805861,M2-S479,13.85,15.239,-0.7127273
-0.825143,323.41025246541153,-0.8406442964764691,M2-S591,13.44,15.082,-0.80161566
3.6480112,323.4138851317585,-0.8405178720625933,M2-S169,17.36,18.477,3.300253
-1.4063354,323.35348350069734,-0.8402456957680249,M2-S506,13.038,14.911,-1.2852123
1.3523636,323.3942949590773,-0.8398330009277452,M2-S38,15.869,17.279,1.0339184
1.2804947,323.3916214671962,-0.8374040980998012,M2-S17,16.107,16.242,0.2058547
1.0730325,323.4031605349438,-0.8374830383754479,M2-S108,15.431,16.768,0.78096783
1.5156653,323.3974212599805,-0.836602717415825,M2-S69,15.939,16.23,0.3075854
1.5491343,323.40404403380603,-0.836485045577632,M2-S115,16.011,16.261,0.44306004
1.3372843,323.39379521635533,-0.8358065147001956,M2-S39,16.019,17.224,0.89588726
-0.16414858,323.31171472385034,-0.8356713778512003,M2-S438,14.15,15.692,-0.2129633
0.3602025,323.3196865170612,-0.8356401746902943,M2-S455,14.634,16.088,0.2611075
1.2968192,323.40413977832486,-0.8350506092228105,M2-S120,15.688,16.957,0.93604696
1.1752143,323.40058789342,-0.8344132653103051,M2-S91,15.587,16.895,0.8515125
-1.5218829,323.384015511415,-0.8336735982111556,M2-S550,12.904,14.83,-1.3278185
2.9867852,323.40650069673194,-0.8328748563339583,M2-S138,17.151,18.281,2.6304772
0.79012835,323.39722090068824,-0.8325934233890658,M2-S75,15.346,16.664,0.4731081
3.2818394,323.4143123725437,-0.8315680507098435,M2-S181,17.492,18.591,2.837629
-1.2956562,323.31335632747476,-0.8310689060667196,M2-S441,13.006,14.845,-1.0749278
1.5369219,323.40322086756265,-0.8304392598145764,M2-S118,16.103,16.216,0.21288797
-1.5025443,323.3856435633515,-0.8293886261496056,M2-S551,12.927,14.805,-1.3509518
-0.039775908,323.39110275995415,-0.8284349713127969,M2-S28,14.434,15.905,-0.21385746
2.106056,323.4042329098305,-0.8281287729813722,M2-S127,16.666,17.837,1.6696666
1.9851364,323.32456062737907,-0.8274971186081225,M2-S465,16.219,16.318,0.6380251
-0.5930387,323.3967997321914,-0.8272102161047657,M2-S78,13.872,15.496,-0.7764778
-0.3596425,323.3970978755564,-0.8262661983228295,M2-S80,14.328,15.826,-0.47770143
1.5201991,323.40492214151624,-0.8262452564889717,M2-S137,15.961,17.185,1.2165371
2.2058668,323.31850753976795,-0.8257665915240133,M2-S453,16.599,17.748,1.7871537
0.67921966,323.38859654429444,-0.8258130995271256,M2-S2,15.287,16.647,0.39919055
1.1041287,323.4033682410807,-0.8255469057916239,M2-S126,15.693,16.972,0.7440537
1.7465448,323.39159730834433,-0.8253888354503398,M2-S37,16.805,16.811,0.7295067
1.1162953,323.41291652782576,-0.8250662470020743,M2-S180,15.359,16.819,1.0374348
1.6665183,323.40186528049907,-0.8249107788903863,M2-S113,16.329,17.538,1.3315032
-0.2906571,323.41549071170334,-0.8248722593349381,M2-S200,13.995,15.582,-0.2818676
-1.4193785,323.35113177133036,-0.824233799832327,M2-S500,13.327,15.136,-1.5276502
0.07421386,323.3971271968998,-0.8228482714483338,M2-S83,14.434,15.921,-0.035760377
-1.329782,323.3996822281432,-0.8229257223086658,M2-S579,13.02,14.915,-1.0981884
2.1373258,323.3238265350655,-0.8221242848878952,M2-S464,16.433,17.608,1.8107628
1.5364325,323.31588722998356,-0.8215919401664238,M2-S448,15.803,16.798,1.0271378
2.1896594,323.31715680099313,-0.8217228574993805,M2-S451,16.524,17.682,1.8040943
1.4863615,323.41479414936566,-0.8207842179420604,M2-S199,16.042,16.264,0.43294114
2.4005942,323.41122867396155,-0.8201759384240037,M2-S172,16.53,17.739,2.08693
1.511479,323.3978377024947,-0.8197532824702016,M2-S90,15.902,17.167,1.236819
-0.081645414,323.39275279334316,-0.8193380032259056,M2-S56,14.342,15.661,-0.34697223
1.0738419,323.3903629131538,-0.8177881355886817,M2-S35,16.096,17.296,0.6856552
1.0564027,323.3907357411295,-0.8175433367420509,M2-S40,15.985,17.21,0.67106754
2.080682,323.4081171275003,-0.8172033184809286,M2-S163,16.223,17.445,1.8107221
1.2008637,323.312498983518,-0.8169641581368771,M2-S439,15.432,16.392,0.6718436
1.9878565,323.41430387087854,-0.8166915758514959,M2-S201,16.325,17.544,1.6652927
0.03751502,323.3287041885844,-0.8161884568929688,M2-S470,14.421,15.881,-0.09921087
2.2565248,323.41043826277553,-0.815879184374303,M2-S171,16.331,17.525,1.9974445
3.135491,323.4160956304013,-0.815761894879849,M2-S217,17.19,18.331,2.7869673
0.9113647,323.38930788844846,-0.8149017829776684,M2-S30,16.072,17.301,0.13088965
2.697911,323.41225004650397,-0.8137455832324306,M2-S187,16.808,18.004,2.3339353
0.8703015,323.39294127115767,-0.8128922920251834,M2-S67,15.269,16.594,0.584247
2.1830802,323.4122816363533,-0.8124872857301174,M2-S189,16.358,17.557,1.8393407
1.0165486,323.40512420515984,-0.8120106275597542,M2-S147,15.358,16.671,0.6842481
-0.8579153,323.31336293936755,-0.8117678453367961,M2-S443,13.458,15.161,-0.7750771
0.89011544,323.39231554978494,-0.8111945315919689,M2-S64,15.544,16.845,0.54916406
1.9956455,323.39636084621645,-0.8092373413532761,M2-S93,16.615,17.797,1.626719
-0.7534483,323.3293466539045,-0.8090769033473463,M2-S471,13.6,15.262,-0.74948734
3.724662,323.40549615706954,-0.80831214924005,M2-S153,17.38,18.381,3.3001928
2.8514032,323.4031857812207,-0.8081761156463223,M2-S143,16.896,18.046,2.455058
0.83720213,323.39535319178646,-0.8076176216177818,M2-S89,15.204,16.286,0.3882715
2.3653712,323.3893845311743,-0.8072332899742488,M2-S44,16.822,17.99,1.969106
-1.0111108,323.3422960812558,-0.8069155913993349,M2-S486,13.356,15.114,-0.9444343
2.0501156,323.3868857014532,-0.8069790776695496,M2-S22,17.417,17.383,1.0774348
2.5029671,323.3134145650153,-0.8067704739918504,M2-S445,16.509,17.692,2.198673
-1.0524471,323.3245698477969,-0.8055512762336474,M2-S466,13.27,15.059,-0.9012711
-1.5543998,323.32176538959834,-0.8047916599876171,M2-S460,12.757,14.772,-1.2139333
3.1858664,323.39851686024383,-0.8043966259937368,M2-S116,17.331,18.477,2.8058324
0.99886346,323.3889579846333,-0.8041317769299888,M2-S45,15.53,16.833,0.6837154
0.9647114,323.38978036912096,-0.8032081820603537,M2-S55,15.462,16.749,0.68495274
1.6160197,323.40470522421896,-0.8027538986488336,M2-S154,15.8,16.045,0.38416868
0.74955136,323.38851685937664,-0.802536519657247,M2-S43,15.215,16.543,0.5156617
-0.49587983,323.3907355609836,-0.8003045650703593,M2-S66,13.845,15.36,-0.58508253
-0.6205801,323.3823750043792,-0.8001645332390712,M2-S548,13.768,15.415,-0.6362879
1.9231067,323.31346039945254,-0.7998360149962305,M2-S446,15.994,17.216,1.6856645
0.95831424,323.3762591800428,-0.7995828654921516,M2-S327,15.606,16.774,0.53862727
-0.34342185,323.38608925801105,-0.7996104427765881,M2-S335,14.02,15.586,-0.38685858
1.8780279,323.40799866232214,-0.7996435420844079,M2-S176,15.933,16.128,0.5337196
-1.4325323,323.39528737599426,-0.7992805103515064,M2-S568,12.888,14.845,-1.1463488
-1.1231945,323.3593482082225,-0.7980498409960204,M2-S518,13.305,15.072,-1.0906245
0.039603505,323.37341229234494,-0.796949320941958,M2-S533,14.48,15.804,-0.22302938
2.106443,323.39287772555815,-0.7969825328278423,M2-S86,16.54,16.565,0.7731768
1.1947665,323.3958923564069,-0.7964913315297021,M2-S107,15.467,16.773,0.9555874
1.6447852,323.3391796537931,-0.7964221153779206,M2-S483,16.058,16.241,0.4295281
2.1204891,323.4094002769536,-0.7956035411938158,M2-S190,16.125,16.298,0.72016776
1.9285907,323.4140100282575,-0.7956142243011235,M2-S219,16.009,17.252,1.6724908
-1.0176201,323.3804331128874,-0.7949140854596696,M2-S545,13.337,15.107,-0.913515
1.2207379,323.3903330042222,-0.7943392011023064,M2-S337,15.591,16.857,0.91894144
1.2637243,323.4149217168163,-0.7935598224624419,M2-S224,15.424,16.743,1.0545382
-1.754672,323.3565435203464,-0.7926310078803945,M2-S514,12.539,14.663,-1.3307154
0.89709234,323.3477811818593,-0.7915985651334068,M2-S495,15.337,16.661,0.5523961
0.0013690657,323.380906116979,-0.7915532501349916,M2-S334,14.491,15.935,-0.17942151
-1.9105858,323.323775902198,-0.7909648276537219,M2-S462,12.415,14.601,-1.4273264
0.09948396,323.4060704304644,-0.7904111638822685,M2-S341,14.345,15.833,0.025087876
0.35844606,323.3763634982278,-0.7902005907112671,M2-S328,14.741,16.211,0.19563629
1.1582472,323.40219377598225,-0.7883537422982869,M2-S582,15.343,16.655,0.76136297
1.3716927,323.346720107114,-0.7873102459645672,M2-S493,15.76,16.151,0.3314428
1.8346617,323.38814821655404,-0.7864330502449299,M2-S336,15.973,16.271,0.6404078
1.7267597,323.39154622743996,-0.7863630581829547,M2-S338,15.9,16.236,0.57247514
1.8219452,323.3777355230728,-0.7860815266778429,M2-S540,16.269,16.344,0.57024586
3.050518,323.33037244634545,-0.7851997968794575,M2-S472,16.921,17.84,2.38371
1.6805565,323.35360369015626,-0.7853715365919187,M2-S508,15.992,16.181,0.43314373
0.13291454,323.31976100427494,-0.7844676928348072,M2-S457,14.392,15.885,0.050163995
2.1600251,323.34281451350785,-0.7818000243737512,M2-S488,16.271,16.347,0.7144426
1.0059382,323.36438285465084,-0.7814836645610196,M2-S525,15.317,16.609,0.72533697
1.6076777,323.37449635437093,-0.779906877034051,M2-S537,15.786,17.031,1.3266172
4.090312,323.39459550962846,-0.7777500877114558,M2-S565,17.302,17.164,1.8824582
0.25062633,323.32623662057944,-0.7763072586418972,M2-S467,14.513,15.813,0.0076959287
